{
  "n_samples": 43200,
  "missing_values": {
    "temperature": 0,
    "vibration": 0,
    "pressure": 0,
    "flow_rate": 0,
    "current": 0,
    "duty_cycle": 0
  },
  "outliers_iqr": {
    "temperature": 156,
    "vibration": 4254,
    "pressure": 1740,
    "flow_rate": 0,
    "current": 1137,
    "duty_cycle": 2236
  },
  "value_ranges": {
    "temperature": {
      "min": 40.034889223493614,
      "max": 183.0677435721016,
      "mean": 71.39903609049804,
      "std": 23.845397120997625
    },
    "vibration": {
      "min": 1.8976656804668195,
      "max": 554.9830444279539,
      "mean": 13.070797245743233,
      "std": 27.6867224762468
    },
    "pressure": {
      "min": 0.4719490472554104,
      "max": 34.581717680368115,
      "mean": 5.71692805876406,
      "std": 2.7652901764246924
    },
    "flow_rate": {
      "min": 3.043916689518802,
      "max": 200.68775297092105,
      "mean": 104.39049993901294,
      "std": 40.71970935594559
    },
    "current": {
      "min": 25.212022690967885,
      "max": 532.2773967257268,
      "mean": 132.37299188607867,
      "std": 51.41407953070674
    },
    "duty_cycle": {
      "min": 20.421181498146563,
      "max": 131.3291221612526,
      "mean": 79.73316021942665,
      "std": 10.494365733809143
    }
  },
  "temporal_gaps": []
}